{"cameraMode":{"drawMode":0,"name":"Shaded","section":"Shading Mode"},"sceneLighting":true,"audioPlay":false,"sceneViewState":{"showFog":true,"showMaterialUpdate":false,"showSkybox":true,"showFlares":true,"showImageEffects":true,"showParticleSystems":true},"in2DMode":false,"pivot":{"x":8.141939163208008,"y":0.1819482445716858,"z":23.50853729248047},"rotation":{"x":0.08708717674016953,"y":0.5405762791633606,"z":-0.05727643147110939,"w":0.8350592255592346},"size":3.6278557777404787,"orthographic":false}