{"cameraMode":{"drawMode":0,"name":"Shaded","section":"Shading Mode"},"sceneLighting":true,"audioPlay":false,"sceneViewState":{"showFog":true,"showMaterialUpdate":false,"showSkybox":true,"showFlares":true,"showImageEffects":true,"showParticleSystems":true},"in2DMode":false,"pivot":{"x":-7.40811014175415,"y":10.025242805480957,"z":-3.9362668991088869},"rotation":{"x":-0.2700537443161011,"y":-0.12890905141830445,"z":0.036554694175720218,"w":-0.9535062313079834},"size":3.2512943744659426,"orthographic":false}