{"cameraMode":{"drawMode":0,"name":"Shaded","section":"Shading Mode"},"sceneLighting":true,"audioPlay":false,"sceneViewState":{"showFog":true,"showMaterialUpdate":false,"showSkybox":true,"showFlares":true,"showImageEffects":true,"showParticleSystems":true},"in2DMode":false,"pivot":{"x":-6.778051376342773,"y":-16.672149658203126,"z":5.809155464172363},"rotation":{"x":-0.47557422518730166,"y":-0.5094592571258545,"z":0.5858626961708069,"w":-0.41363734006881716},"size":33.11539840698242,"orthographic":false}