{"cameraMode":{"drawMode":0,"name":"Shaded","section":"Shading Mode"},"sceneLighting":true,"audioPlay":false,"sceneViewState":{"showFog":true,"showMaterialUpdate":false,"showSkybox":true,"showFlares":true,"showImageEffects":true,"showParticleSystems":true},"in2DMode":false,"pivot":{"x":-19.996435165405275,"y":-3.678378105163574,"z":25.8410587310791},"rotation":{"x":0.08654579520225525,"y":-0.34517425298690798,"z":0.031984202563762668,"w":0.9339944124221802},"size":15.77197265625,"orthographic":false}