{"cameraMode":{"drawMode":0,"name":"Shaded","section":"Shading Mode"},"sceneLighting":true,"audioPlay":false,"sceneViewState":{"showFog":true,"showMaterialUpdate":false,"showSkybox":true,"showFlares":true,"showImageEffects":true,"showParticleSystems":true},"in2DMode":false,"pivot":{"x":1.9479219913482667,"y":0.30188167095184328,"z":15.480198860168457},"rotation":{"x":-0.06106393411755562,"y":-0.11324577778577805,"z":0.006982771214097738,"w":-0.9916777610778809},"size":4.776418685913086,"orthographic":false}