{"cameraMode":{"drawMode":0,"name":"Shaded","section":"Shading Mode"},"sceneLighting":true,"audioPlay":false,"sceneViewState":{"showFog":true,"showMaterialUpdate":false,"showSkybox":true,"showFlares":true,"showImageEffects":true,"showParticleSystems":true},"in2DMode":false,"pivot":{"x":-5.269964218139648,"y":10.131103515625,"z":4.899942874908447},"rotation":{"x":-0.0825151577591896,"y":0.6935000419616699,"z":-0.08045314252376557,"w":-0.7112016677856445},"size":0.06992042809724808,"orthographic":false}